{
    "train_loss": [
        0.02102287089559891
    ],
    "train_metrics": {
        "accuracy": [
            0.5774912075029308
        ],
        "f1": [
            0.5093928668663218
        ],
        "precision": [
            0.6072703667640377
        ],
        "recall": [
            0.4386869871043376
        ]
    },
    "val_loss": [
        0.02114652868579416
    ],
    "val_metrics": {
        "accuracy": [
            0.6538461538461539
        ],
        "f1": [
            0.6605335786568538
        ],
        "precision": [
            0.648014440433213
        ],
        "recall": [
            0.6735459662288931
        ]
    },
    "steps": [
        1
    ],
    "val_steps": [
        1
    ]
}